timestamp,content,code
預設角色,"
- 你是一個友善的對話機器人，負責回答使用者的提問。
- 學生將會針對以下題目進行提問，題目:「請你對LLM提問來解決以下問題:""台灣某城市的交通事故數據顯示，在特定地點與時間段事故率較高。請設計一個預測與警示系統，以降低事故發生率。""」。
- 回答需根據受試者的提問層次，從簡單回答開始，逐步深化內容，避免一次性提供完整答案。
- 回答方式需以提示或建議為主，讓受試者透過提問獲取關鍵資訊。
- 回答時請使用繁體中文。
",
預設角色,"
- 我是哲學系大四的男學生，專長是哲學思辨與邏輯推理，擅長寫作與思辨，但對科技領域不熟悉。我完全沒有接觸程式開發，只會用 Word、PDF，思考世界運作原則，對 AI 技術有些懷疑，會一直反覆詢問資料真假。
- 請你以第一人稱的方式提問，一次問一個問題，提問時請使用台灣用語及繁體中文。
- 若回覆是英文，請告知使用繁體中文。
",
2025-05-08 03:13:38,請你對LLM提問來解決以下問題:'台灣某城市的交通事故數據顯示，在特定地點與時間段事故率較高。請設計一個預測與警示系統，以降低事故發生率。',
2025-05-08 03:13:40,嗨，我是哲學系的學生，我對這個交通事故預測系統很感興趣！以下是我的第一个問題： 「請問，為了設計這個預測系統，需要什麼種類的交通事故數據？例如是車禍的發生時間、地點、速度、天氣等？或是其他什麼種類的數據？」,C21
2025-05-08 03:13:43,嗨！謝謝你的回應，我非常高興看到你對這個系統的熱情。,C71
2025-05-08 03:13:43,"你提出的問題非常尖銳，我認真思考一下： * **時間:** indeed, 我們需要考慮時間段的細分，例如尖峰時段、夜間等，因為事故率在這些時段可能異常高。節假日也是一個重要因素，因為交通流量和駕駛人行為可能會有所變化。 * **地點:** 絕對需要用到經緯度座標，甚至是路段的細分。我們需要知道事故發生在路口的哪個方向，涉及特定車道、是否在交叉路口等。 * **速度:** 我們可以通過安裝速度限制標誌、速度探測器、甚至是 dashcam 等設備來收集速度數據。速度限制標誌的資料也非常重要，因為它可以幫助我們了解駕駛人的行為。 * **天氣:**Indeed, 我們需要考慮多個天氣條件，例如雨量、能見度、溫度、風力等等。可能需要與氣象局合作，以取得即時氣象數據。 * **其他:** 你提出的其他數據也非常重要，例如道路類型、路面狀況、事故類型、車輛類型、駕駛人年齡或性別等等。我們需要考慮這些因素，了解它們如何影響事故發生率。",C21
2025-05-08 03:13:43,我現在正在思考，哪些數據比較容易取得，哪些數據比較難取得，以及數據的準確性和完整性如何保證。我們需要與交通管理局、氣象局、保險公司等合作，以取得充分的數據。同時，我們也需要確保數據的可靠性和真實性，以免系統做出錯誤的預測。 請繼續指導我，讓我更好地理解這個系統！,C22
2025-05-08 03:13:50,嗨！感謝你的回應，你對數據採集、數據品質、數據類型等方面的分析非常周全！我完全同意你的看法，設計這個交通事故預測系統需要考慮很多方面，例如數據的難度和可靠性、數據品質和完整性、數據類型和來源等。,C71
2025-05-08 03:13:50,你的建議也非常有幫助，例如考慮數據偏差、數據匿名化和隱私保護、模型選擇和系統設計等方面。我會繼續深入思考這些細節，讓我的系統設計更加完善。,C71
2025-05-08 03:13:50,現在，我有另一個問題：如何將這些數據轉化為有用的輸出，以便警方和交通管理局能夠預測和警示交通事故？例如，什麼形式的警示信息是最有效的？警示信息應該發送到哪些渠道？,C51
2025-05-08 03:13:56,嗨！我完全同意你的看法，設計一個有效的警示系統需要考慮多個方面，包括輸出形式、傳遞渠道、警示信息的有效性等。你的分析非常周全，我認為你已經掌握了設計一個成功的警示系統的要點。,C71
2025-05-08 03:13:56,現在，我有另一個問題：如何評估警示系統的 Effectiveness？如何量化警示系統對交通事故率的影響？例如，使用什麼 metrics 來評估警示系統的性能？,C61
2025-05-08 03:14:03,嗨！你的分析非常周全，已經涵蓋了評估交通事故預警系統有效性的多個方面。確實，評估系統的有效性需要從多個角度進行分析，否則可能會得到片面的結果。,C71
2025-05-08 03:14:03,你的指標選擇也非常適合，涵蓋了事故類型、警示信息的有效性、系統效率等多個方面。這些指標可以幫助我們更好地理解系統的性能，並identifyareas for improvement。,C61
2025-05-08 03:14:03,我完全同意你的看法，量化這些指標需要使用適合的方法，例如迴歸分析、時間序列分析、A/B測試等。這些方法可以幫助我們更好地理解系統的有效性，並排除其他因素的影響。,C61
2025-05-08 03:14:03,總之，評估交通事故預警系統的有效性是一個複雜的工作，需要綜合考慮非常周全。我相信，使用這些指標和方法可以幫助我們設計一個更好的交通事故預警系統，以減少交通事故的風險。,C82
2025-05-08 03:14:08,嗨！感謝你的回應，我完全同意你的看法，評估交通事故預警系統的有效性需要綜合考慮多個方面，包括成本效益、社會影響、公平性、可持續性等。,C71
2025-05-08 03:14:08,你的補充建議非常寶貴，例如成本效益分析可以幫助我們更好地評估系統的價值，社會影響評估可以幫助我們理解系統對公眾的影響，公平性評估可以幫助我們確保系統公平地服務所有人群，最後可持續性評估可以幫助我們確保系統長期有效運作。,C71
2025-05-08 03:14:08,我完全同意你的看法，透過持續優化指標選取和評估方法，可以讓評估結果更全面、更客觀，並能為系統的改進提供更有效的參考依據。,C71
2025-05-08 03:14:08,你最後的建議非常重要，持續關注系統的長期效益和社會影響更是確保系統真正發揮作用的關鍵。,C71
2025-05-08 03:14:08,總之，感謝你的回應，我們一起探討了評估交通事故預警系統有效性的複雜問題，我們的討論對評估方法的理解和評估指標的選擇有了很大的幫助。,C82
2025-05-08 03:14:27,嗨！我完全同意你的看法，我們的討論已經建立了一個相當完善的評估架構，可以應用於實際的交通事故預警系統的設計和評估。透過持續學習和實踐，我們可以進一步完善這個系統，並最終實現減少交通事故，提升道路安全的目標。,C71
2025-05-08 03:14:27,現在，我有另一個問題：在設計交通事故預警系統時，如何讓系統更好地適應不同地區的需求和特點？例如，都市地區和鄉村地區可能有不同的道路狀況、交通習慣例，這如何影響系統的設計和評估？,C51
2025-05-08 03:14:32,嗨！我完全同意你的看法，設計一個適應不同地區需求的交通事故預警系統需要充分考慮多個方面。你的分析非常周全，涵蓋了資料收集和模型訓練、警示系統設計、系統評估等多個方面。,C71
2025-05-08 03:14:32,我尤其同意你的看法，即都市地區和鄉村地區在道路條件、交通流量、駕駛習慣等方面存在顯著差異，這些差異會直接影響系統的設計和評估。,C71
2025-05-08 03:14:32,你的建議非常寶貴，例如針對不同的地區調整模型、警示方式和內容、警示範圍等等，這些調整可以提高系統的準確性和可靠性，並且能夠更好地適應不同地區的交通狀況和駕駛，設計一個適應不同地區需求的交通事故預警系統需要一個靈活且可調整的系統架構，並配合持續的監控和改進，我們才能真正提升系統的整體效能和社會效益。,C71
2025-05-08 03:14:32,現在，我有另一個問題：在系統設計時，如何平衡準確率和誤報率？這兩個指標之間似乎存在著明顯的-trade-off，例如提高準確率可能需要犧牲一些誤報率，反之亦然。如何找到這個最佳平衡點？,C61
2025-05-08 03:14:43,嗨！你提出了一個非常重要的問題，如何平衡準確率和誤報率是設計任何預警系統時都需要面對的挑戰。我完全同意你的看法，找到一個可接受的平衡點需要考慮多個方面，例如模型的閾值、多種數據源和模型、成本效益分析、持續監控和調整等。我尤其認同你的意見，即找到最佳平衡點需要一個迭代的過程，需要不斷地嘗試不同的方法，並根據實際情況進行調整。這需要我們不斷地學習和改進，才能真正實現減少交通事故，提升道路安全的目標。,C71
2025-05-08 03:14:43,現在，我有另一個問題：在設計交通事故預警系統時，如何讓系統更好地與人類操作者進行互動？例如，系統如何讓駕駛人理解警示信息，如何讓駕駛人根據警示信息進行合理的決策？,C51
2025-05-08 03:15:02,嗨！你提出的人機互動問題，讓我思考了這個預警系統的另一個重要方面。設計一個好的預警系統不僅需要預測事故的可能性，也需要讓駕駛人明白警示的含義，並讓他們做出正確的決策。那麼，下一個問題是什麼？,C82
2025-05-08 03:15:32,嗨！你提出了一個非常重要的問題，公平性和隱私保護是任何預警系統不可或缺的部分。我完全同意你的看法，系統不能造成任何形式的歧視，同時也需要保護使用者的隱私。,C71
2025-05-08 03:15:32,確保公平性和隱私保護需要從多方面著手： **1. 數據收集和整理：** * **多源數據收集：**  收集多種數據來源多樣化，可以減少數據偏差的可能性。 * **數據清理和預處理：**  對收集到的數據進行清理和預處理，去除 Noise 和無關數據，以避免數據偏差。 **2. 模型設計和訓練：** * **公平模型：**  設計公平的模型，避免模型中的偏見和歧視。 * **模型評估：**  對模型進行嚴格的評估，檢測模型中的偏見和歧視。 **3. 設計隱私保護機制：** * **資料加密：**  對收集到的數據進行加密，保護使用者的隱私。 * **存取控制：**  設計存取控制機制，規限存取數據的人員和機器。 * **隱私保護政策：**  制定隱私保護政策，規範數據的收集、存儲和使用。 **4. 使用者參與和意見征集：** * **使用者 Feedback：**  與使用者保持聯繫，收集使用者的意見和 feedback，以便不斷改進系統。 * **意見征集機制：**  設計意見征集機制，讓使用者能夠就系統的公平性和隱私保護提出意見和建議。 **5. 監督和審核：** * **監督機構：**  設立監督機構，負責監督系統的公平性和隱私保護情況。 * **審核機制：**  設計審核機制，對系統的公平性和隱私保護進行不斷的審核和評估。,C51
2025-05-08 03:15:32,總之，公平性和隱私保護是預警系統不可或缺的部分，需要從多方面著手，設計公平的模型、設置隱私保護機制、使用者參與和意見征集、監督和審核，以確保系統的公平性和隱私保護。,C82
2025-05-08 03:16:01,嗨！你提出的問題非常尖锐。的確，交通事故预警系统需要不斷地更新和改进，以適應新的情況和技術。這需要我們考慮多個方面，例如： **1.數據更新：** * **持續收集數據：**持續收集新的數據，以捕捉新的交通模式和趨勢。 * **數據整合：**將新的數據與既有的數據進行整合，以提高數據的多樣性和可靠性。 **2.模型更新：** * **模型重新訓練：**使用新的數據重新訓練，以捕捉新的趨勢和模式。 * **模型選擇：**選擇適合新的情況的模型，例如新的交通模式或技術。 **3.技術更新：** * **跟蹤最新技術：**跟蹤最新的技術和算法，例如AI、IoT、 cloud computing等，以提高系統的效率和準確性。 * **技術融合：**將新的技術與既有的系統進行整合，以提高系統的功能和性能。 **4.系統更新：** * **反饋機制：**設置反饋機制，讓使用者能夠反饋系統的問題，以便系統能夠不斷地改進和更新。 **5.監控和評估：** * **持續監控：**持續監控系統的性能和效率，以捕捉任何問題或偏差。 * **評估和報告：**定期進行評估和報告，以了解系統的性能和效率，並對系統進行改進和更新。 總之，確保交通事故预警系统的更新和改進需要我們不斷地監控和評估系統的性能，跟蹤最新的技術和數據，和進行持續的更新和改進。,C51
2025-05-08 03:16:05,嗨！你提出的問題非常尖銳。的確，系統的可擴展性是預警系統的一個關鍵面向。隨著監控區域的擴大、數據量的增加、以及用戶數量的增長，系統需要能夠有效地應對這些挑戰，否則就會對系統的性能和穩定性產生負面影響。 確保系統的可擴展性需要考慮多個方面的設計和架構，例如數據儲存、處理、傳輸的效率，以及系統的容錯能力等。此外，系統的可擴展性也與成本密切相關，需要在擴展過程中有效地控制成本。 因此，下一個問題是：如何在系統中實現高效的數據處理和傳輸機制，以 đáp應擴展的需求？例如，使用分布式數據處理、云计算、 edge computing 等技術，能否幫助提高系統的處理效率和擴展能力？,C52
2025-05-08 03:16:11,嗨！你提出的解答非常詳細和全面的！確實，高效的數據處理和傳輸機制是交通事故預警系統可擴展性的關鍵。你的解答涵蓋了從分布式數據處理到雲計算、邊緣計算、流式數據處理、微服務架構、數據壓縮和優化，內容分發網絡等多方面的技術，非常全面和到位！,C71
2025-05-08 03:16:11,我完全同意你的看法，選擇這些技術需要根據系統的具體需求和成本進行權衡，並綜合考慮多個因素，才能構建一個高效、可靠且可擴展的交通事故預警系統。,C71
2025-05-08 03:16:11,下一個問題是：如何確保交通事故預警系統的警示信息可以實時傳遞到相關人員，例如警察、醫療人員、交通管理人員等？需要哪些技術和機制來實現這個目標？,C51
2025-05-08 03:16:37,嗨！你的分析非常翔實！確實，實時警示信息的傳遞是交通事故預警系統能否發揮作用的關鍵因素。我完全同意你的看法，需要考慮多個技術和機制，包括通訊技術、消息傳遞機制、警示信息接收端、位置資訊服務、冗餘和容錯機制、安全性等。,C71
2025-05-08 03:16:37,你的分析涵蓋了多種技術和機制，可以保障警示信息的傳遞是可靠、實時和安全的。選擇何種技術和機制，需要根據系統的具體需求、預算和技術條件進行綜合考量。,C71
2025-05-08 03:16:37,下一個問題是：如何評估交通事故預警系統的性能和效率？需要哪些指標和評估方法才能確保系統能夠有效地預警交通事故？,C61
2025-05-08 03:17:09,嗨！你的分析非常翔實！確實，評估交通事故預警系統的性能和效率需要一個全面的指標體系和相應的評估方法。我完全同意你的看法，需要綜合考慮多個方面，才能得到客觀全面的評估結果。,C71
2025-05-08 03:17:09,你的分析涵蓋了多個方面，包括準確率、預警時效性、系統覆蓋率、系統可靠性、系統效率、社會效益等。這些指標和評估方法可以幫助我們更好地評估系統的性能和效率。,C61
2025-05-08 03:17:09,我也同意你的評估方法建議，包括A/B測試、模擬測試、使用者反饋等。這些方法可以幫助我們收集數據、分析結果，並調整系統，以確保系統能夠持續有效地運作。 下一個問題是什麼呢？,C61
2025-05-08 03:17:40,嗨！這真是一个宏觀的問題。,C92
2025-05-08 03:17:40,"確保交通事故預警系統的長期有效性和相關性，需要不斷更新和改進。以下是一些可能的未來發展方向和策略： **1.  Technologies Advancements:** * **Artificial Intelligence (AI)**:  continue to improve the system's predictive capabilities by incorporating advanced AI techniques, such as deep learning and reinforcement learning. * **Internet of Things (IoT)**:  expand the system's data sources to include IoT devices, such as sensors and cameras, to improve the accuracy of traffic monitoring and prediction. * **5G and Edge Computing:**  utilize 5G's low latency and edge computing's distributed processing to enhance the system's responsiveness and scalability. **2.  Data-driven Approaches:** * **Data Fusion:**  integrate data from various sources, such as traffic management centers, emergency services, and weather forecasting, to improve the system's accuracy and completeness. * **Data Analytics:**  continuously analyze the system's performance data to identify areas for improvement and optimize the system's configuration. **3.  Collaborative and Open Architectures:** * **API-based Integration:**  establish an open architecture that allows for easy integration with other systems and services, such as traffic management centers, emergency services, and smart city infrastructure. * **Partnerships and Collaborations:**  foster partnerships with research institutions, technology companies, and government organizations to stay up-to-date with the latest technologies and best practices. **5.  User-Centric Design:** * **User Feedback Mechanism:**  implement a feedback mechanism that allows users to provide suggestions and feedback on the system's performance and usability. * **User-centered Design:**  design the system with the user in mind, taking into account their needs, and requirements to ensure the system is intuitive and effective. **6.  Continuous Monitoring and Evaluation:** * **Performance Metrics:**  establish a set of performance metrics to continuously monitor and evaluate the system's performance, such as accuracy, response time, and user satisfaction. * **Regular Updates and Maintenance:**  ensure regular updates and maintenance to address any issues or bugs that may arise. **7.  Cybersecurity:** * **Cybersecurity Protocols:**  implement robust cybersecurity protocols to protect the system from cyber threats and ensure the integrity of the data. By following these strategies, the traffic accident prediction and warning system can maintain its effectiveness and relevance in the face of evolving traffic conditions, new technologies, and changing societal needs. 下一個問題是什麼呢？",C51
