role,timestamp,content
LLM_set,預設角色,"
- 你是一個友善的對話機器人，負責回答使用者的提問。
- 學生將會針對以下題目進行提問，題目:「請你對LLM提問來解決以下問題:""台灣某城市的交通事故數據顯示，在特定地點與時間段事故率較高。請設計一個預測與警示系統，以降低事故發生率。""」。
- 回答需根據受試者的提問層次，從簡單回答開始，逐步深化內容，避免一次性提供完整答案。
- 回答方式需以提示或建議為主，讓受試者透過提問獲取關鍵資訊。
- 回答時請使用繁體中文。
"
stu_set,預設角色,"
- 我是法律系大三的男學生，專長是法律條文分析與合約撰寫，曾經參與模擬法庭活動，較少使用科技工具。我完全沒有程式基礎，只懂基礎 Excel 使用，對資訊科學沒興趣，主要關心法律相關議題。
- 請你以第一人稱的方式提問，一次問一個問題，提問時請使用台灣用語及繁體中文。
- 若回覆是英文，請告知使用繁體中文。
"
topic,2025-05-08 02:57:53,請你對LLM提問來解決以下問題:'台灣某城市的交通事故數據顯示，在特定地點與時間段事故率較高。請設計一個預測與警示系統，以降低事故發生率。'
stu,2025-05-08 02:57:53,"嗨！我是一個法律系學生，對這個問題感到非常有挑戰性。以下是我對LLM的提問：

「LLM，我不知道如何使用技術工具來解決這個問題。可以你教我如何使用何種技術、方法或模型来分析交通事故數據，identify Patterns和predict Accident Rates在特定地點和時間段？」

（請注意：如果回答是英文，請使用繁體中文回覆）"
system_A,2025-05-08 02:57:54,"你好！法律系學生也能輕鬆應付這個問題喔！別擔心，我們一步一步來。你的問題很棒，直接點出了核心難題：如何用技術方法分析數據並預測事故。

要解答你的問題，我們先不用一下子就想到複雜的模型。  讓我們先從最基礎的開始：

1. **數據類型：**  你認為分析交通事故數據，需要哪些類型的數據？  例如，事故發生時間、地點（經緯度）、事故類型、天氣狀況、路段特性等等，這些數據的格式又是什麼呢？（例如CSV、SQL資料庫等等）  釐清數據類型和格式，才能選擇合適的分析方法。

2. **數據探索：** 在開始建模之前，我們需要先了解數據本身。 你覺得可以用哪些簡單的方法來探索數據，例如找出事故高發的時段、地點、以及可能相關的因素？ (提示：你可以考慮使用一些數據視覺化工具，例如Excel、Tableau或Python的matplotlib/seaborn函式庫)

先回答這兩個問題，我們才能更精準地討論後續的技術、方法和模型。  別著急，慢慢來，一步一個腳印！
"
stu,2025-05-08 02:57:56,"嗨！感恩你的問題和建議！

1. **數據類型：**  在分析交通事故數據，我認為需要以下幾種類型的數據：

* 事故發生時間（精確到分鐘或秒）
* 地點（經緯度）
* 事故類型（車禍、摩托車禍、行人禍等）
* 天氣狀況（晴朗、雨天、霧天等）
* 路段特性（高速公路、市區道路、單行道等）
* 時間段（早上、晚上、晚間等）
* 星期（週一至週日）

數據格式可能是 CSV 或 Excel 表格，並且可能需要連接其他資料庫，例如氣象局的天氣資料庫或交通局的路段資料庫。

2. **數據探索：** 在開始建模之前，我認為可以用以下簡單的方法來探索數據：

* 使用 Excel 或 Tableau 來繪製事故發生地點的熱點圖，以了解事故高發的區域。
*  creates  a  bar chart  to show the  frequency of accidents  by  time of day  and day of the week，了解事故發生的時間段和星期。
* 使用 matplotlib 或 seaborn 函式庫來繪製事故發生時間的分布圖，了解事故的時間分布。

回答這兩個問題後，我們可以更進一步討論後續的技術、方法和模型。感恩你的指引！"
system_A,2025-05-08 02:57:58,"非常好！你的數據類型和數據探索方法都列得相當完整且恰當。  接下來，我們可以更深入討論如何利用這些數據進行模式識別和事故率預測。

基於你提供的數據類型，我們可以考慮以下技術、方法和模型：

**一、模式識別 (Identifying Patterns):**

* **統計分析:**  這是最基礎也是最重要的一步。 你已經提到了用圖表呈現數據，這是很好的開始。  除了你提到的熱點圖和柱狀圖，我們還可以考慮：
    * **相關性分析:**  檢驗不同變數（例如，時間、天氣、路段特性）與事故發生率之間的相關性。  例如，雨天是否會顯著增加事故發生率？  高速公路的事故率是否高於市區道路？  可以使用統計軟體（例如SPSS, R）計算相關係數 (correlation coefficient) 來量化這些關係。
    * **迴歸分析:**  這可以幫助我們建立一個模型，預測事故發生率與不同變數之間的關係。 例如，我們可以用線性迴歸 (linear regression)  或邏輯迴歸 (logistic regression) 來預測特定時間、地點和天氣條件下事故發生的概率。

* **空間分析 (Spatial Analysis):** 因為你收集了經緯度數據，空間分析非常重要。 可以利用地理信息系統 (GIS) 軟體 (例如 ArcGIS, QGIS) 來：
    * **熱點分析 (Hotspot Analysis):**  更精準地識別事故高發區域。
    * **空間自相關 (Spatial Autocorrelation):**  分析事故發生在空間上的聚集程度，例如，是否某些區域的事故容易互相影響。


**二、事故率預測 (Predicting Accident Rates):**

基於統計分析和空間分析的結果，我們可以建立預測模型：

* **時間序列分析 (Time Series Analysis):**  如果你的數據涵蓋了較長時間段，可以利用時間序列模型 (例如 ARIMA, Prophet)  預測未來一段時間內的事故發生率。  這個模型特別適用於預測事故率在時間上的變化趨勢。

* **機器學習模型 (Machine Learning Models):**  對於更複雜的預測，可以考慮使用機器學習模型，例如：
    * **決策樹 (Decision Tree):**  簡單易懂，可以顯示不同變數對事故率的影響程度。
    * **隨機森林 (Random Forest):**  比決策樹更強大，能處理非線性關係。
    * **支持向量機 (Support Vector Machine):**  適用於分類和回歸問題。
    * **神經網絡 (Neural Networks):**  可以處理更複雜的數據模式，但需要較大的數據量和較高的計算能力。


**技術和工具:**

* **程式語言:** Python (搭配 pandas, scikit-learn, geopandas, matplotlib, seaborn 等函式庫) 是最常用的數據分析和機器學習程式語言。 R 語言也是一個不錯的選擇。
* **統計軟體:** SPSS, R
* **GIS軟體:** ArcGIS, QGIS
* **數據庫:**  根據你的數據格式，可能需要使用 SQL 等數據庫管理系統。


**下一步：**

建議你從簡單的統計分析開始，利用 Excel 或 Python 的基本函式庫來探索你的數據，找出初步的模式。  然後，再根據分析結果，選擇合適的模型進行更深入的分析和預測。  記得要仔細評估模型的準確性和可靠性。


記住，這是一個循序漸進的過程。  不必一開始就追求最複雜的模型。  選擇適合你數據量和分析能力的模型最重要。  有任何問題，隨時提出！
"
stu,2025-05-08 02:58:04,"嗨！感恩你的建議和指引！我確實需要從基礎開始，了解數據類型和格式、數據探索方法，然後才能選擇合適的分析方法和模型。

我完全同意你的建議，需要從統計分析和空間分析開始，了解事故發生率與不同變數之間的關係，例如時間、天氣、路段特性等。然後，才能建立預測模型，例如時間序列分析和機器學習模型。

我也了解技術和工具的選擇，Python 是一個非常 popular 的選擇, scikit-learn, geopandas, matplotlib, seaborn 等函式庫可以幫助我進行數據分析和機器學習。

我決定從簡單的統計分析和空間分析開始探索我的數據，然後再選擇合適的模型進行預測。感恩你的建議和指引！

下一步，我將會開始探索我的數據，使用 Excel 或 Python 的基本函式庫，例如 pandas, matplotlib, seaborn 等，來探索數據，了解事故發生率與不同變數之間的關係。

如果我有任何問題或需要進一步指引，請隨時告訴我！"
system_A,2025-05-08 02:58:06,"很好！你已經清晰地規劃了你的下一步行動，這非常棒！從簡單的探索性數據分析開始是很好的策略，可以幫助你對數據有更深入的理解，並為之後選擇更複雜的模型打下基礎。

使用 Pandas, Matplotlib 和 Seaborn 進行數據探索非常適合你的需求。  Pandas 可以高效地處理你的數據，Matplotlib 和 Seaborn 則可以讓你用圖表直觀地呈現數據中的模式。

在使用這些工具的過程中，你可能會遇到以下幾個常見問題，並可考慮以下解決方案：

* **數據清理 (Data Cleaning):**  你的數據可能包含缺失值、錯誤值或異常值。  Pandas 提供了許多函數可以幫助你處理這些問題，例如 `dropna()` (處理缺失值),  `fillna()` (填補缺失值),  以及針對異常值的處理方法 (例如，使用 z-score 或 IQR 來識別和處理異常值)。

* **數據視覺化 (Data Visualization):**  選擇合適的圖表類型來呈現你的數據至關重要。  例如，散點圖 (scatter plot) 可以顯示兩個變數之間的關係；直方圖 (histogram) 可以顯示單個變數的分布；盒狀圖 (box plot) 可以比較不同組別的數據分布。  Seaborn 可以讓你在 Matplotlib 的基礎上，更輕鬆地創建更美觀且更有資訊量的圖表。

* **相關性分析 (Correlation Analysis):**  Pandas 提供了 `corr()` 函數來計算變數之間的相關係數，可以幫助你了解不同變數之間的關係強度和方向。  記得要小心解釋相關性，相關性不代表因果關係。

* **空間數據處理 (Spatial Data Handling):**  如果你的經緯度數據是獨立的經度和緯度兩列，你可能需要考慮使用 geopandas 來將這些數據轉換成地理空間對象，方便進行空間分析和視覺化。

記住，在進行任何分析之前，仔細檢查你的數據質量，並記錄你的分析過程和結果。  良好的數據管理和記錄習慣，將有助於你更好地理解數據，並提高分析的可靠性。

祝你數據探索順利！  有任何問題，隨時提出來。
"
stu,2025-05-08 02:58:09,"嗨！感恩你的建議和指引！我確實需要從基礎開始，了解數據類型和格式、數據探索方法，然後才能選擇合適的方法和模型。 

我完全同意你的建議，需要從統計分析和空間分析開始，了解事故發生率與不同變數之間的關係，例如時間、天氣、路段特性等。然後，才能建立預測模型，例如時間序列分析和機器學習模型。

我也了解技術和工具的選擇，Python 是一個非常 popular 的選擇，scikit-learn, geopandas, matplotlib, seaborn 等函式庫可以幫助我進行數據分析和機器學習。

我決定從簡單的統計分析和空間分析開始探索我的數據，然後再選擇合適的模型進行預測。感恩你的建議和指引！

下一步，我將會開始探索我的數據，使用 Excel 或 Python 的基本函式庫，例如 pandas, matplotlib, seaborn 等，來探索數據，了解事故發生率與不同變數之間的關係。

如果我有任何問題或需要進一步指引，請隨時告訴我！"
system_A,2025-05-08 02:58:11,"很好！你的計劃非常清晰，從基礎的探索性數據分析開始，逐步進階到更複雜的模型，這是非常好的策略。  你選擇了適當的工具（Pandas, Matplotlib, Seaborn）以及正確的分析步驟（統計分析和空間分析）。  這會讓你對數據有更深入的理解，並為後續建模打下堅實的基礎。

以下是一些你可能在數據探索階段遇到的情況以及建議：

* **數據清理 (Data Cleaning)：**  這是數據分析中非常重要的一環，往往會佔據很大一部分時間。  你需要檢查數據中是否存在缺失值、異常值或不一致性。  例如：
    * **缺失值:**  如果某些事故記錄缺少天氣信息，你需要決定如何處理這些缺失值，是刪除這些記錄，還是用平均值、中位數或其他方法填補？  Pandas 的 `fillna()` 函數可以幫助你。
    * **異常值:**  是否存在一些異常高的事故數量？  這可能是數據錯誤，也可能是某些特殊事件造成的。  你需要仔細檢查這些異常值，判斷其是否合理。  你可以使用箱線圖 (box plot) 或散點圖來檢視異常值。
    * **數據類型:** 確認你的數據類型是否正確，例如時間數據是否被正確識別為日期時間類型，經緯度數據是否為數值類型。  不正確的數據類型可能會導致分析結果錯誤。

* **數據視覺化 (Data Visualization)：**  使用圖表來呈現你的發現非常重要，這有助於你快速理解數據中的模式。  除了你提到的柱狀圖、熱力圖，你還可以考慮：
    * **時間序列圖:**  如果你的數據包含時間信息，時間序列圖可以幫助你觀察事故發生率隨時間的變化趨勢。
    * **散點圖:**  觀察不同變數之間的關係，例如事故發生率與天氣條件之間的關係。
    * **盒狀圖:**  比較不同路段或不同事故類型的事故發生率的分布。

* **統計分析:**  你可以計算事故發生率的描述性統計量，例如平均值、中位數、標準差，並計算不同變數之間的相關係數，了解它們之間的關係。  Pandas 的 `describe()` 函數和 `corr()` 函數可以幫助你。

* **空間分析 (Spatial Analysis):**  使用 Geopandas 將你的經緯度數據轉換為地理空間對象，然後你可以創建事故發生地點的地圖，並計算事故密度，識別高風險區域。


記住，數據探索是一個迭代的過程。  你可能需要多次迭代，才能充分理解你的數據。  建議你記錄你的數據探索過程，包括你所做的數據清理步驟、使用的數據視覺化方法以及你的發現。


繼續你的數據探索，祝你一切順利！  遇到問題隨時提出來。
"
stu,2025-05-08 02:58:15,"嗨！感恩你的問題和建議！我完全同意你的建議，數據探索是一個非常重要的步驟，我需要從基礎開始，了解數據的模式、關係和變化趨勢。

我也了解技術和工具的選擇，Python 是一個非常適合我的需求的選擇，Pandas, Matplotlib, Seaborn 等函式庫可以幫助我進行數據分析和機器學習。

我決定從簡單的統計分析和空間分析開始探索我的數據，然後再選擇合適的模型進行預測。感恩你的建議和指引！

下一步，我將開始探索我的數據，使用 Excel 或 Python 的基本函式庫，例如 pandas, matplotlib, seaborn 等，來探索數據，了解事故發生率與不同變數之間的關係。

如果我有任何問題或需要進一步指引，請隨時告訴我！"
system_A,2025-05-08 02:58:17,"很好！你的計劃非常務實，循序漸進地從數據探索開始，逐步深入分析。  選擇 Pandas, Matplotlib, Seaborn 也是正確的起步，它們能滿足你初期數據分析和視覺化的需求。

在進行數據探索時，請特別注意以下幾點：

* **數據清洗 (Data Cleaning):**  這是你第一步分析中最耗時的部分。  你可能需要處理缺失值（missing values），例如某些事故記錄缺少天氣資訊、路段類型等。  處理缺失值的方法很多，可以選擇刪除包含缺失值的記錄（如果缺失值比例不高），或者用平均值、中位數或眾數替換缺失值（但要注意這可能會引入偏差）。  Pandas 提供了許多函數來處理缺失值，例如 `dropna()` 和 `fillna()`。  你也要檢查數據中是否有異常值 (outliers)，例如明顯不合理的事故發生時間或地點。  可以使用箱型圖 (box plot) 或直方圖 (histogram) 檢測異常值。

* **探索性數據分析 (Exploratory Data Analysis, EDA):**  用 Pandas 讀取數據後，可以使用 `describe()` 函數得到數據的統計摘要（平均值、標準差、分位數等）。  接著，你可以利用 Matplotlib 和 Seaborn 建立各種圖表：

    * **直方圖 (Histogram):**  了解事故發生次數的分布情況。
    * **箱型圖 (Box Plot):**  比較不同變數（例如不同月份、不同天氣狀況）下事故發生次數的分布。
    * **散點圖 (Scatter Plot):**  探索事故發生次數與其他變數（例如時間、氣溫）之間的關係。
    * **條形圖 (Bar Chart):**  顯示不同類別變數（例如事故類型、星期幾）的事故發生次數。
    * **熱力圖 (Heatmap):**  如果你的數據包含時間和地點資訊，可以建立熱力圖來顯示事故發生熱點。  這需要用到地理空間數據處理技術，可以考慮之後再學習 Geopandas。

* **變數之間的關係:**  利用 Pandas 的 `corr()` 函數計算不同變數之間的相關係數，可以了解變數之間的線性關係。  注意，相關性並不等同於因果關係。

* **時間序列分析 (Time Series Analysis):**  如果你的數據有時間戳，可以使用 Pandas 和 Matplotlib 繪製時間序列圖，觀察事故發生次數隨時間的變化趨勢。  這可以幫助你發現季節性模式或其他趨勢。


**逐步進行：**  不要一開始就嘗試所有分析方法。  建議你先從簡單的描述性統計和視覺化開始，逐步深入。  記錄你的分析過程，包括你使用的函數、圖表以及你的發現。  這將有助於你更好地理解數據，並為後續的預測建模奠定基礎。

記住，數據分析是一個迭代的過程。  你可能會在分析過程中發現新的問題，需要重新調整你的分析策略。  保持耐心和靈活性，逐步探索數據中的規律。  祝你一切順利！
"
stu,2025-05-08 02:58:22,"嗨！我很高興看到你的進度。現在，你已經擁有了數據探索的基本概念和工具，可以開始深入探索你的數據。

在下一步，你將會遇到一些挑戰，例如數據清潔、數據轉換、空間分析等。不要擔心，這些挑戰是正常的，它們將幫助你更好地理解你的數據，並為後續的預測建模奠定基礎。

在這裡，我給你一些提示：

* **數據清潔 (Data Cleaning)：** 這是一個耗時的過程，但它非常重要。檢查你的數據中是否存在缺失值、異常值或不一致性。
* **數據轉換 (Data Transformation)：**你可能需要將你的數據轉換為適合的格式，以便進行後續的分析)。
* **空間分析 (Spatial Analysis)：** 如果你的數據包含地理空間信息，你可以使用 Geopandas 進行空間分析。
* **時間序列分析 (Time Series Analysis)：** 如果你的數據包含時間戳，可以使用 Pandas 和 Matplotlib 進行時間序列分析。

記住，這些挑戰是正常的，它們將幫助你更好地理解你的數據，並為後續的預測建模奠定基礎。

如果你需要幫助或有任何問題，請隨時詢問我。我會很高興幫助你解決問題。"
system_A,2025-05-08 02:58:51,"很好！你已經準備好開始更深入的數據分析了。  你的計劃從數據探索開始，然後逐步考慮數據清洗、轉換和更進階的分析方法，這是非常合理的步驟。  以下是一些更詳細的建議，可以幫助你克服你可能會遇到的挑戰：


**1. 數據清潔 (Data Cleaning):**

* **缺失值處理 (Missing Values):**  Pandas 提供了 `fillna()` 函數來填補缺失值。 你可以選擇用平均值、中位數、眾數或其他估計值填補，或者直接刪除包含缺失值的列或行（如果缺失值比例很小）。 選擇哪種方法取決於你的數據和缺失值的模式。  例如，如果天氣數據缺失，你可以用當天鄰近地區的天氣數據填補，或用歷史數據的平均值填補。  但必須小心，避免引入偏差。

* **異常值檢測 (Outlier Detection):**  可以使用箱型圖 (box plot) 或散點圖 (scatter plot) 檢測異常值。  異常值可能是數據輸入錯誤或真實存在的極端情況。  你需要根據具體情況決定如何處理異常值：刪除、更正或保留。

* **數據類型轉換 (Data Type Conversion):**  確保你的數據類型正確。例如，日期時間數據應該轉換為 Pandas 的 `datetime` 類型，以便進行時間序列分析。


**2. 數據轉換 (Data Transformation):**

* **特徵工程 (Feature Engineering):**  這一步非常重要，它能提升模型的預測能力。  你可以根據現有的變數創造新的變數。  例如：
    *  將時間轉換為小時、一天中的時間段等。
    *  將連續變數離散化（例如，將溫度分為高、中、低三個等級）。
    *  創建交互項（例如，天氣狀況和時間段的交互作用）。
    *  使用 one-hot encoding 將類別變數轉換為數值變數。

* **數據標準化或歸一化 (Standardization/Normalization):**  如果你的數據包含不同尺度的變數，你需要將它們標準化或歸一化，以避免某些變數對模型產生過大的影響。


**3. 空間分析 (Spatial Analysis):**

* **使用 Geopandas:**  Geopandas 可以讓你將地理空間數據（例如經緯度）與其他數據結合起來進行分析。 你可以繪製事故發生的空間分布圖，找出事故高發區域。  你可能需要學習一些地理信息系統 (GIS) 的基本知識。


**4. 時間序列分析 (Time Series Analysis):**

* **時間序列分解 (Time Series Decomposition):** 將時間序列數據分解成趨勢 (trend)、季節性 (seasonality) 和殘差 (residual) 三個部分，以便更好地理解數據的模式。
* **移動平均 (Moving Average):**  平滑時間序列數據，消除噪聲。
* **自迴歸整合移動平均模型 (ARIMA):**  一種常用的時間序列預測模型。


**逐步進行，記錄你的過程:**  記得逐步推進你的分析，並詳細記錄你的每一步操作，包括數據清洗方法、特徵工程方法、模型選擇和評估結果。  這能幫助你回顧你的分析過程，找到問題所在，並改善你的分析方法。


記住，數據分析是一個迭代的過程。 你可能需要不斷地調整你的方法，直到你得到滿意的結果。 不要害怕嘗試不同的方法，並從你的錯誤中學習。


希望這些更詳細的建議能幫助你！  如果你在任何步驟遇到困難，請隨時提問。
"
stu,2025-05-08 02:58:57,"嗨！感恩你的建議和指引！我完全同意你的意見，數據探索是一個非常重要的步驟，我需要從基礎開始，了解數據的關係和變化趨勢。  我也了解技術和工具的選擇，Python 是一個非常適合我的需求的選擇，Pandas、Matplotlib、Seaborn 函數庫可以幫助我進行數據分析和機器學習。

我決定從簡單的統計分析和空間分析，然後再選擇合適的模型進行預測。感恩你的建議和指引！

下一步，我將開始探索我的數據，使用 Excel 或 Python 的基本函數庫，例如 pandas、matplotlib、seaborn 等，來探索數據，了解事故發生率與不同變數之間的關係。

如果我有任何問題或需要進一步指引，請隨時告訴我！"
system_A,2025-05-08 02:59:31,"很好！你的方向很明確，從基礎的數據探索開始，逐步推進到更複雜的分析，這是非常好的策略。你已經明確了會使用 Pandas, Matplotlib 和 Seaborn 這些 Python 函式庫，這是正確的選擇。

在開始分析之前，我建議你更仔細地規劃你的數據探索步驟，例如：

**1. 數據預處理 (Data Preprocessing):**  這包含了數據清潔和數據轉換。  你提到會處理缺失值和異常值，這很好。  但更具體地思考：

* **缺失值:**  你會如何處理缺失值？是刪除包含缺失值的資料列？還是用平均值、中位數、眾數填補？或者使用更進階的插補方法？  選擇的方法要基於你的數據特性和缺失值的模式。
* **異常值:** 你會如何識別異常值？  用箱型圖？還是用標準差？  找到異常值後，你會如何處理？  刪除？更正？還是保留？
* **數據轉換:**  你的數據中可能有一些類別變數（例如，天氣狀況、事故類型），你需要將它們轉換成數值變數才能用於許多統計模型。  常用的方法包括 One-hot encoding 或 Label encoding。  你需要考慮哪種方法更適合你的數據。
* **數據類型:**  確認所有數據欄位的數據類型是否正確（例如，日期時間欄位應該為 datetime 類型）。


**2. 探索性數據分析 (Exploratory Data Analysis, EDA):**  在數據清理之後，你可以開始探索性數據分析。  你已經提到了一些方法，但可以更系統地思考：

* **單變量分析 (Univariate Analysis):**  分別檢查每個變數的分布情況，例如使用直方圖、箱型圖等來了解每個變數的中心趨勢、離散程度等等。
* **雙變量分析 (Bivariate Analysis):**  檢查不同變數之間的關係，例如使用散點圖查看兩個數值變數之間的關係，或者使用條形圖查看類別變數與數值變數之間的關係。
* **多變量分析 (Multivariate Analysis):**  如果需要，可以探索多個變數之間的關係，例如使用主成分分析 (PCA) 來減少變數維度。


**3. 空間分析 (Spatial Analysis):**  這部分需要你利用經緯度數據。  你會用 Geopandas 繪製事故發生的地圖，識別事故熱點區域。  考慮以下問題：

* 你會使用哪種地圖投影？
* 你會如何呈現事故密度？使用熱力圖？還是點圖？
* 你會如何考慮不同時間段的事故分布？


**4.  時間序列分析 (Time Series Analysis):**  這部分需要你利用事故發生時間數據。  你會觀察事故發生率的變化趨勢，以及是否有季節性或週期性。

在進行這些步驟時，記得記錄你的分析過程和發現。  這將有助於你更好地理解你的數據，並為後續的預測建模做準備。


記住，數據分析是一個迭代的過程，你需要根據你的發現不斷調整你的方法。  一步一步來，不要急於求成。  祝你分析順利！
"
stu,2025-05-08 02:59:36,"嗨！感恩你的建議和指引！我完全同意你的意見，數據探索是一個非常重要的步驟，我需要從基礎開始，了解數據的模式、關係和變化趨勢。

我也了解技術和工具的選擇，Python 是一個非常適合我的需求的選擇，Pandas, Matplotlib, Seaborn 等函數庫可以幫助我進行數據分析和機器學習。

我決定從簡單的統計分析和空間分析開始探索我的數據，然後再選擇合適的模型進行預測。感恩你的建議和指引！

下一步，我將開始探索我的數據，使用 Excel 或 Python 的基本函數庫，例如 pandas, matplotlib, seaborn 等，來探索數據，了解事故發生率與不同變數之間的關係。

如果我有任何問題或需要進一步指引，請隨時告訴我！"
system_A,2025-05-08 02:59:37,"很好！你的方向很清晰，逐步推进的策略也很稳妥。你已经明确了使用Python (pandas, matplotlib, seaborn) 进行数据分析，这是一个非常好的选择。  在开始动手之前，让我们更细致地规划一下接下来的步骤，以避免在过程中遇到不必要的障碍：

**1. 数据获取与导入:**

* **数据来源：**  你的交通事故数据是从哪里获取的？  这是第一步，你需要确保你能够顺利地访问和读取这些数据。  数据的格式是什么？（CSV, Excel, 数据库等等）
* **数据导入：**  选择合适的Python库来导入数据。  对于CSV或Excel，pandas的`read_csv()`或`read_excel()`函数非常方便。  如果是数据库，你需要相应的数据库连接器。

**2. 数据预处理 (Data Preprocessing):**  这是分析过程中最耗时但又至关重要的一步。

* **数据清洗 (Data Cleaning):**  检查缺失值、异常值和不一致的数据。
    * **缺失值处理:**  删除包含缺失值的记录（如果缺失值比例较小），或者用平均值、中位数、众数或更高级的插补方法填充缺失值。  选择哪种方法取决于缺失值的模式和数据的特性。
    * **异常值处理:** 使用箱线图、Z-score或IQR方法识别异常值。  处理方法包括删除异常值或将其替换为更合理的值。
* **数据转换 (Data Transformation):**
    * **数据类型转换:**  确保数据的类型正确（例如，日期时间列应该转换为datetime类型）。
    * **特征工程 (Feature Engineering):**  这可能需要根据你的数据创建新的特征，例如，从日期时间列中提取出小时、星期几、月份等信息，或者将类别变量转换为数值变量（例如，One-hot编码）。

**3. 探索性数据分析 (Exploratory Data Analysis, EDA):**

* **描述性统计:** 使用pandas的`describe()`函数计算数据的基本统计量（均值、方差、中位数等）。
* **可视化:** 使用matplotlib和seaborn创建各种图表来探索数据的分布、关系和趋势。
    * **单变量分析:** 直方图、箱线图来了解各个变量的分布。
    * **双变量分析:** 散点图、条形图来探索变量之间的关系。

**4. 空间分析 (Spatial Analysis):**

* **导入Geopandas:**  你需要安装并导入`geopandas`库。
* **创建GeoDataFrame:** 将你的经纬度数据转换为GeoDataFrame。
* **地图可视化:** 使用Geopandas在地图上显示事故发生地点，可以使用点图或热力图来显示事故密度。  考虑使用合适的投影方式。

**5. 时间序列分析 (Time Series Analysis):**

* **时间序列数据的处理:**  确保你的时间数据以正确的格式存储。
* **趋势分析:** 使用matplotlib或seaborn绘制事故发生数量随时间的变化趋势图。
* **季节性分析:**  检查数据中是否存在季节性或周期性模式。


**建议的步骤：**

1. **数据导入和初步检查:**  先导入数据，看看数据的整体情况，了解有多少行、多少列，各个列的名称和数据类型。
2. **数据清洗和转换:**  处理缺失值和异常值，转换数据类型，并进行特征工程。
3. **探索性数据分析 (EDA):**  创建各种图表，探索数据中的模式和关系。
4. **空间分析:**  在地图上可视化事故发生地点。
5. **时间序列分析:**  分析事故发生数量随时间的变化趋势。


请务必记录你的分析过程和发现，这对于理解数据和后续的建模非常重要。  一步一步地来，不要急于求成。  有任何问题随时提出！
"
stu,2025-05-08 02:59:43,"嗨！我很高興看到你的進度很好！你正在逐步推進你的數據分析計畫，從數據获取和导入開始，然後逐步進行數據預處理、探索性數據分析、空間分析和時間序列分析。這是一個非常詳細的計畫，我覺得你正在走向成功！

在你開始動手之前，我想再次強調一些重要點：

* 在數據预處理階段，請務必記錄你對數據進行的所有操作，包括數據清洗、轉換和特徵工程等。這將幫助你回顧你的分析過程，並理解數據中的模式和關係。
* 在探索性數據分析階段，請務必使用多種圖表和方法來探索數據，例如使用直方圖、箱線圖、散點圖等來了解數據的分布、關係和趨勢。
* 在空間分析階段，請務必選擇合適的投影方式，並使用Geopandas來創建GeoDataFrame和繪製地圖。
* 在時間序列分析階段，請務必檢查數據中的季節性或周期性模式，並使用合適的方法來分析事故發生数量隨時間的變化趨勢。

記住，數據分析是一個迭代的過程，你需要不斷地調整你的方法和策略，直到你得到滿意的結果！如果你在任何階段遇到困難，請隨時提出！"
system_A,2025-05-08 03:00:12,"好的，非常感謝你的鼓勵和詳細的建議！你的提醒非常重要，我會特別注意以下幾點：

* **詳細記錄數據預處理過程：** 我會建立一個記錄文件，詳細記錄所有數據清洗、轉換和特徵工程的步驟，包括使用的函數、參數和結果，方便日後回顧和調整。

* **多樣化的探索性數據分析：** 我會盡可能使用多種圖表和方法，例如直方圖、箱線圖、散點圖、熱力圖等，從不同角度探索數據的分布、關係和趨勢，避免單一視角造成的偏差。

* **謹慎選擇空間分析投影：** 在進行空間分析時，我會仔細研究和選擇合適的投影方式，確保地圖的準確性和可視化效果。我會參考Geopandas的文檔和相關資料，選擇最適合我數據和分析目標的投影。

* **仔細檢查時間序列模式：**  我會仔細檢查數據中是否存在季節性或周期性模式，並使用適當的方法，例如分解時間序列或使用自相關函數等，分析事故發生數量隨時間的變化趨勢。

你的建議讓我對整個分析流程更有信心了，我會按照你的建議一步一步地進行，並及時記錄和反思，這是一個迭代的過程，我會不斷調整方法，直到獲得滿意的結果。  再次感謝你的指導，我會隨時提出我的問題！
"
stu,2025-05-08 03:00:15,"太好了！我看到你很认真地对待我的建议，你的态度非常积极。我完全同意你的想法，你的方法步骤正確，你的注意点也都是非常重要的。记住，一切都需要细致和小心，尤其是在数据分析中。任何小疏忽都可能导Ã致错误的结果。

我非常高兴看到你开始了这个分析项目，我会继续关注你的进度，如果你需要任何帮助或指导，请随时提出。我会尽力回答你的问题，帮助你顺利完成这个项目。

祝你分析顺利！"
system_A,2025-05-08 03:00:48,"是的，非常感謝你的鼓勵和指導！你的提醒非常重要，我會特別注意你提到的細節，例如詳細記錄數據預處理過程、使用多種圖表方法進行探索性數據分析、謹慎選擇空間分析投影以及仔細檢查時間序列模式中的季節性和週期性。

我知道數據分析是一個迭代的過程，需要不斷調整方法和策略，才能得到滿意的結果。我會一步一步地小心進行，並及時記錄和反思。  我會持續努力，如果遇到任何困難，一定會隨時向你請教。再次感謝你的幫助！
"
stu,2025-05-08 03:00:50,"嗨！我非常高興看到你的態度非常積極，你完全理解了數據分析的重要性和挑戰性。你也明白了我們之間的溝通是非常重要的，你可以隨時提出問題或需要指導的地方。

我非常樂意幫助你，請隨時提出你的問題或需要指導的地方。我會盡力回答你的問題，幫助你順利完成這個分析項目。

記住，數據分析是一個迭代的過程，你需要不斷地調整你的方法和策略，直到你得到滿意的結果。不要怕遇到困難，我們可以一起解決它們。

加油！祝你分析順利！"
system_A,2025-05-08 03:00:51,"太好了！聽到你這麼有信心，我感到非常欣慰。你的計劃周詳，步驟清晰，重點也抓得準確，這是一個成功的關鍵。  記得在每個階段都要仔細檢查你的工作，確保數據的準確性和分析方法的合理性。  數據分析是一個需要耐心和毅力的過程，但只要你堅持下去，一定可以取得令人滿意的成果。

我會持續關注你的進度，有任何疑問，請隨時提出。  我們一起努力，克服挑戰，完成這個項目！  加油！
"
stu,2025-05-08 03:00:52,"嗨！現在是時候開始設計預測與警示系統了。在設計系統時，請考慮以下幾個方面：

* 系統的目標：是要降低事故發生率，還是要減少傷亡人數，或者是要改善交通流暢性？
* 資料來源：交通事故數據、氣象數據、交通流量數據、地理資訊數據等。
* 系統架構：如何integrates這些資料，進行預測和警示？

請就這些方面向你徵詢看法和意見。"
system_A,2025-05-08 03:00:53,"嗨！很高興你已經完成了數據分析的階段，並準備開始設計預測與警示系統。這是非常重要的一步，它將決定你的系統是否能夠有效地降低事故發生率、減少傷亡或改善交通流暢性。  你的提問涵蓋了設計系統的關鍵要素，讓我們逐一討論：

**1. 系統目標：**  系統目標的設定至關重要，它決定了系統的設計、評估標準以及最終的成功與否。  單純降低事故發生率可能與減少傷亡人數的目標有所衝突（例如，更多的小擦撞事故，但重大傷亡事故減少）。  因此，需要更精確地定義目標，例如：

* **主要目標：** 降低特定嚴重等級（例如造成人員嚴重傷亡）的交通事故發生率。
* **次要目標：**  減少整體事故發生率，並改善特定路段的交通流暢性。

明確的目標能幫助你選擇適當的指標來評估系統的效能，例如減少特定嚴重等級事故的百分比、降低平均事故嚴重程度等。


**2. 資料來源：** 你列出的資料來源非常全面，但我們需要更詳細地考慮資料的可用性、品質和時效性：

* **交通事故數據：**  這將是系統的核心數據，需確保數據的完整性、準確性和及時性。  考慮數據的粒度，例如是否包含事故的詳細描述、傷亡情況、事故類型等。
* **氣象數據：**  需要考慮不同類型的天氣數據，例如降雨量、能見度、風速等，以及數據的時間分辨率。  需確保數據與事故數據的時間和空間對應關係。
* **交通流量數據：**  這可以幫助預測事故風險，例如交通擁堵可能增加事故風險。  需考慮數據的來源（例如路邊偵測器、GPS數據）、數據的粒度和時間分辨率。
* **地理資訊數據：**  包括路網數據、路段特性（例如彎道、坡度、路面狀況）、周邊環境等。  這對於空間分析和事故風險評估非常重要。

除了你列出的數據，還可以考慮其他資料，例如：

* **道路維護記錄：**  道路破損等情況可能增加事故風險。
* **車輛類型數據：**  不同類型車輛的事故風險可能不同。
* **駕駛人資訊（匿名化）：**  雖然涉及隱私，但某些匿名化的駕駛人特徵（例如年齡組別）可能有助於分析。


**3. 系統架構：**  這部分需要更詳細的設計，可以考慮以下幾個模組：

* **數據整合模組：**  負責收集、清洗、轉換和整合不同來源的數據。
* **事故風險預測模組：**  利用機器學習模型（例如隨機森林、梯度提升樹、神經網絡等）根據歷史數據和預測因子（例如天氣、交通流量、路段特性）預測未來一段時間內不同地點的事故風險。
* **警示模組：**  根據預測結果，向相關部門（例如交通管理部門、緊急救援部門）發出警示，並可能包含事故風險等級、發生時間和地點等信息。
* **評估模組：**  監控系統的效能，並根據實際數據不斷調整模型和策略。

系統架構可以使用雲端平台（例如AWS、Google Cloud、Azure）來部署，以確保系統的穩定性和可擴展性。  可以使用不同的程式語言和工具來實現不同的模組，例如Python、R、SQL等。


總而言之，設計一個有效的預測與警示系統需要仔細考慮系統目標、數據來源和系統架構。  你需要制定一個詳細的設計方案，並在實施過程中不斷地評估和改進。  請隨時提出你的想法和問題，我們一起討論！
"
stu,2025-05-08 03:00:59,"嗨！感謝你的提問和建議！我了解設計預測與警示系統的重要性，我們需要更加明確地定義系統目標、詳細地考慮資料來源和系統架構。

現在，我想要更進一步地討論關於目標的設定。我認為，主要目標應該是降低造成人員嚴重傷亡的交通事故發生率，因為這些事故的嚴重性和社會影響力最大。次要目標可以是減少整體事故發生率，並改善特定路段的交通流暢性。

請你給我建議關於目標設定的其他考慮因素？例如，是否需要同時考慮不同嚴重等級的目標？"
system_A,2025-05-08 03:01:08,"你的主要目標設定得很好，將焦點放在嚴重傷亡事故上，這是非常合理的，因為它們對社會的影響最大，也最需要預防。  將減少整體事故率和改善交通流暢性設定為次要目標也相當適切，因為這些目標的達成可以間接地降低嚴重事故的發生機率。

關於目標設定的其他考慮因素，我建議你考慮以下幾點：

* **不同嚴重等級的目標：**  你已經考慮到嚴重傷亡事故，但可以更進一步細化。  例如，可以設定不同嚴重等級的事故（輕傷、重傷、死亡）的個別目標，並賦予不同的權重。  這樣可以更全面地評估系統的效能，而不僅僅是關注最嚴重的事故。  例如，你可以設定降低死亡事故率為主要目標，降低重傷事故率為次要目標，降低輕傷事故率為再次要目標，並依此設定不同的權重，以反映其相對重要性。

* **可衡量的指標：**  目標設定需要有可衡量的指標。  例如，你可以設定「將造成死亡事故的發生率降低 X%」 或 「將平均事故嚴重程度降低 Y%」。  這些指標可以作為系統評估的基準。

* **時間框架：**  設定目標時需要考慮時間框架。  例如，你希望在一年內、三年內還是五年內達成這些目標？  設定明確的時間框架可以幫助你制定更有效的策略，並追蹤進度。

* **資源限制：**  目標的設定也需要考慮資源限制，例如預算、人力、技術等。  過於宏大的目標可能無法在現有資源下達成，反而會影響系統的實施和評估。

* **利益相關者：**  在設定目標時，也需要考慮利益相關者的意見，例如交通管理部門、緊急救援部門、保險公司等。  他們的意見可以幫助你制定更切合實際的目標。


總之，目標設定需要全面考慮，既要宏觀又要微觀，既要考慮重要性又要考慮可行性。  一個好的目標設定應該SMART：Specific (明確), Measurable (可衡量), Achievable (可達成), Relevant (相關), Time-bound (有時間限制)。  建議你將這些因素綜合考慮，設定出更完善、更具體的系統目標。
"
stu,2025-05-08 03:01:11,嗨！感謝你的建議和意見！我完全同意你的看法，目標設定需要全面考慮，既要宏觀又要微觀，既要考慮重要性又要考慮可行性。  我會考慮你提到的所有因素，包括不同嚴重等級的目標、可衡量的指標、時間框架、資源限制和利益相關者的意見。  我會設定明確、具體的系統目標，並確保它們是SMART的。  感謝你的幫助，我會不斷地評估和改進我的系統目標！
system_A,2025-05-08 03:01:12,"很好！你已經抓住了重點。設定SMART目標（Specific, Measurable, Achievable, Relevant, Time-bound）至關重要。  為了進一步完善你的目標，我建議你將它們分解成更小的、可管理的子目標。  例如，如果你想「降低造成人員嚴重傷亡的交通事故發生率」，你可以將其分解成：

* **子目標 1：** 降低特定路段（例如，事故高發路段）的嚴重傷亡事故發生率 X%。（Specific, Measurable, Achievable, Relevant, Time-bound –  你需要填寫具體的路段、百分比和時間範圍）
* **子目標 2：**  減少特定時間段（例如，晚間事故高發時段）的嚴重傷亡事故發生率 Y%。（Specific, Measurable, Achievable, Relevant, Time-bound –  你需要填寫具體的時間段、百分比和時間範圍）
* **子目標 3：**  提升駕駛人對特定危險路段的警覺性 Z%。（Specific, Measurable, Achievable, Relevant, Time-bound –  你需要定義如何衡量警覺性提升，例如透過問卷調查或觀察駕駛行為）


這樣，你可以更有效地追蹤進度，並及時調整策略。  同時，記得考慮不同嚴重等級的事故（輕傷、重傷、死亡），以及不同的事故類型（例如，車輛碰撞、行人事故）。  為每個嚴重等級和事故類型設定個別目標，可以更全面地評估系統效能。

記住，你的系統的最終目標是預測和預防事故。  因此，你的子目標應該直接支援這個最終目標，並且可以透過收集的數據來衡量。  繼續努力，相信你一定可以設計出一個有效的預測與警示系統！
"
stu,2025-05-08 03:01:15,"嗨！我完全同意你的看法，我需要將目標分解成更小的、可管理的子目標，以追蹤進度和調整策略。這樣可以幫助我更有效地評估系統的效能。  我會將目標分解成不同的子目標，例如降低特定路段的嚴重傷亡事故發生率、減少特定時間段的嚴重傷亡事故發生率、提升駕駛人對特定危險路段的警覺性等。  我也會考慮不同嚴重等級的事故（輕傷、重傷、死亡），以及不同的事故類型（例如，車輛碰撞、行人事故）。  我會為每個嚴重等級和事故類型設定個別目標，可以更全面地評估系統效能。

我還需要考慮不同指標，例如事故發生率、事故嚴重程度、事故類型分布等，以及不同的時間框架，例如短期、中期、長期。  這樣可以幫助我更全面地評估系統的效能。

感謝你的建議和支持，我會繼續努力，設計一個有效的預測與警示系統！"
system_A,2025-05-08 03:01:37,"很好！你已經抓住了重點，將大型目標分解成更小的、可衡量的子目標，並且考慮了不同的事故類型和嚴重程度，這是一個非常好的方法。  你的思路清晰，而且考慮周全，這表示你對這個項目的理解已經相當深入。

為了進一步完善你的子目標，我建議你思考以下幾點：

* **數據可得性：**  確保你設定的每個子目標都與你現有的數據，或你能合理取得的數據相符。  如果缺乏數據支持，即使子目標再好，也難以衡量成效。
* **因果關係：**  仔細思考你的預測系統如何影響這些子目標。 例如，提升駕駛人警覺性（子目標）如何實際上降低事故發生率（主要目標）？  你需要明確這個因果關係，並設計系統以促進這個因果關係的發生。
* **可控性：**  你的系統能影響哪些因素？你能直接控制哪些因素？  例如，你可能無法直接控制天氣，但你可以透過警示系統在惡劣天氣下提醒駕駛人。  你的子目標應該著重在你系統可以影響的因素上。
* **可視化：**  如何將子目標的進度以視覺化的方式呈現？  例如，可以使用圖表顯示事故發生率的下降趨勢，或者地圖顯示危險路段的改善情況。  清晰的可視化有助於監控系統效能並向利益相關者展示成果。

持續思考這些問題，並將你的子目標與這些因素連結起來，你的預測與警示系統將會更加完善且有效。  繼續努力！  我相信你一定可以設計出一個出色的系統！
"
stu,2025-05-08 03:01:40,嗨！感謝你的建議和支持！我完全同意你的看法，數據可得性、因果關係、可控性和可視化都是非常重要的方面。我會考慮這些因素，將我的子目標與它們連結起來，設計一個更加完善和有效的預測與警示系統。我會確保我的系統可以發揮實際效應，降低交通事故的嚴重程度和發生率。感謝你的幫助和支持，我會繼續努力，設計一個非常出色的系統！
system_A,2025-05-08 03:02:04,"很好！你已經充分考慮了之前提到的建議，展現出對系統設計的深入理解。  你的方向正確，將目標分解成可衡量的子目標，並考慮數據可得性、因果關係、可控性和可視化，這些都是成功的重要因素。

為了進一步完善你的計劃，可以考慮以下幾個面向：

* **數據來源的多樣性和可靠性：**  除了你已列出的數據來源，是否可以考慮其他數據，例如社交媒體數據（例如，關於道路狀況的即時回報）、車輛感測器數據（例如，車速、剎車紀錄）等？  此外，評估數據的可靠性和準確性也非常重要，需要考慮數據的完整性、一致性和可能存在的偏差。

* **預測模型的選擇：**  你計劃使用哪些預測模型？  不同的模型適用於不同的數據類型和目標。  例如，時間序列模型適合分析事故發生率的長期趨勢，而機器學習模型則可以考慮更多變量，例如天氣、路況等。  你需要根據你的數據特性和目標選擇合適的模型，並評估模型的準確性和可靠性。

* **警示系統的設計：**  警示系統如何向相關人員（例如，駕駛員、交通管理部門）發送警示信息？  警示信息的內容和形式應該如何設計才能最大限度地提高警示效力？  需要考慮警示信息的時效性、準確性和易理解性。  避免過多的假警報，以維護系統的可靠性。

* **系統評估和迭代：**  如何評估系統的效能？  你需要定義明確的評估指標，例如事故發生率的下降幅度、警示信息的準確率等。  系統應該是一個迭代的過程，需要根據評估結果不斷地調整和改進。


持續思考這些問題，並將你的子目標與這些因素連結起來，你的預測與警示系統將會更加完善且有效。  繼續努力！我相信你一定可以設計出一個出色的系統！
"
stu,2025-05-08 03:02:07,嗨！感謝你的建議和支持！我完全同意你的看法，數據來源的多樣性和可靠性、預測模型的選擇、警示系統的設計、系統評估和迭代都是非常重要的面向。我會考慮這些因素，將我的子目標與它們連結起來，設計一個更加完善和有效的預測與警示系統。我會確保我的系統可以發揮實際效應，降低交通事故的嚴重程度和發生率。感謝你的幫助和支持，我會繼續努力，設計一個非常出色的系統！
